P-JW1-SUN,P-JW2-SUN,P-JW3-SUN,P-JW4-SUN,Euclidean Barycenter
3082.161,2889.863,2817.458,2135.992,2731.3685
3002.023,2831.269,2772.178,2109.343,2678.7032499999996
2980.23,2741.191,2743.66,2046.676,2627.93925
2915.397,2737.191,2688.913,2045.269,2596.6925
2874.862,2708.741,2662.474,1999.159,2561.309
2822.138,2715.091,2630.625,1970.389,2534.5607499999996
2813.431,2711.502,2586.702,1947.837,2514.868
2741.184,2625.723,2556.267,1939.401,2465.64375
2690.642,2595.004,2589.204,1900.359,2443.80225
2639.251,2545.858,2502.135,1836.211,2380.86375
2649.577,2505.575,2527.432,1852.391,2383.74375
2611.792,2449.456,2497.078,1870.782,2357.2769999999996
2585.349,2413.246,2437.778,1826.439,2315.703
2554.952,2419.28,2471.701,1816.752,2315.67125
2541.342,2350.605,2391.518,1794.969,2269.6085000000003
2540.214,2327.666,2398.625,1826.219,2273.181
2479.438,2353.587,2345.597,1799.731,2244.58825
2497.368,2309.648,2381.905,1814.03,2250.7377500000002
2459.662,2306.301,2317.51,1832.654,2229.03175
2517.442,2337.286,2384.659,1861.247,2275.1585
2531.643,2344.625,2403.547,1843.256,2280.76775
2512.359,2348.77,2335.046,1730.124,2231.5747499999998
2514.948,2352.717,2365.96,1780.681,2253.5765
2503.865,2339.692,2368.633,1783.094,2248.821
2545.279,2343.08,2397.031,1839.582,2281.243
2440.585,2369.138,2374.622,1733.365,2229.4275
2342.371,2216.338,2288.233,1706.46,2138.3505000000005
2310.16,2149.843,2254.307,1704.698,2104.752
2278.736,2134.219,2235.828,1740.436,2097.30475
2322.968,2199.449,2242.464,1705.377,2117.5645
2353.627,2231.663,2292.86,1752.868,2157.7545
2413.179,2262.711,2318.798,1768.748,2190.859
2471.207,2316.873,2343.714,1827.331,2239.78125
2496.678,2342.538,2461.72,1850.611,2287.88675
2608.572,2476.365,2554.901,1907.718,2386.889
2688.377,2526.547,2584.501,1944.772,2436.04925
2711.017,2530.638,2587.492,2012.677,2460.456
2705.662,2550.83,2587.298,2081.39,2481.295
2782.543,2572.82,2680.467,2087.74,2530.8925
2822.92,2635.958,2687.039,2105.599,2562.8790000000004
2838.432,2694.832,2699.773,2113.253,2586.5725
2957.337,2769.238,2808.122,2118.897,2663.3985000000002
2939.761,2759.648,2837.039,2190.533,2681.74525
2927.2,2757.468,2854.521,2224.526,2690.92875
2982.523,2747.76,2855.797,2127.78,2678.465
3066.327,2846.113,3008.986,2243.553,2791.24475
3126.703,2923.552,2970.875,2302.078,2830.802
3115.86,2985.339,2984.208,2291.979,2844.3465
3117.825,2967.922,3004.502,2301.542,2847.94775
3151.264,2939.844,3048.524,2335.332,2868.741
3176.109,2968.657,3079.368,2356.598,2895.183
3184.531,3028.218,3108.744,2332.79,2913.57075
3244.204,3074.289,3137.746,2332.131,2947.0925
3223.253,3111.618,3093.794,2331.927,2940.148
3192.993,3087.594,3098.03,2373.119,2937.934
3208.098,3124.459,3105.737,2382.918,2955.303
3254.734,3101.108,3082.04,2387.22,2956.2755
3220.163,3079.081,3093.625,2415.138,2952.0017500000004
3199.724,3145.69,3047.508,2401.158,2948.52
3190.641,3143.922,2996.524,2424.443,2938.8824999999997
3213.589,3141.502,2993.604,2399.002,2936.92425
3242.241,3089.415,2993.023,2349.447,2918.5315
3219.216,3076.103,2995.135,2383.297,2918.43775
3214.163,3036.69,3009.868,2369.957,2907.6695
3214.109,2974.784,3025.401,2369.741,2896.00875
3178.562,3013.034,2955.814,2306.318,2863.432
3142.518,3016.772,3002.166,2300.345,2865.45025
3147.422,3008.873,2961.354,2314.35,2857.99975
3128.17,2946.696,2903.486,2291.903,2817.56375
3096.397,2929.241,2845.757,2300.197,2792.898
3064.449,2946.902,2874.316,2333.166,2804.7082500000006
3014.073,2897.61,2900.57,2235.668,2761.98025
3117.083,2991.528,2944.243,2296.072,2837.2315
3232.466,3068.789,3015.022,2340.818,2914.2737500000003
3433.459,3237.281,3177.59,2445.777,3073.52675
3506.016,3413.663,3236.87,2509.984,3166.63325
3559.289,3522.902,3365.119,2587.865,3258.7937500000003
3624.792,3527.938,3415.903,2575.556,3286.04725
3586.652,3584.234,3433.371,2617.855,3305.5280000000002
3637.319,3624.503,3491.903,2609.74,3340.86625
3691.379,3569.207,3503.59,2622.699,3346.71875
3746.044,3645.453,3566.676,2603.161,3390.3334999999997
3759.891,3602.32,3511.218,2600.407,3368.459
3728.21,3618.89,3570.34,2589.074,3376.6285000000003
3718.408,3578.02,3573.283,2640.794,3377.62625
3681.757,3578.46,3535.887,2613.537,3352.4102500000004
3684.604,3519.879,3466.313,2639.149,3327.48625
3637.019,3519.372,3457.842,2543.507,3289.435
3580.496,3435.95,3366.67,2539.834,3230.7375
3492.597,3370.543,3325.688,2497.578,3171.6015
3419.923,3294.324,3309.516,2429.194,3113.2392499999996
3320.155,3207.117,3216.546,2356.743,3025.1402500000004
3331.967,3146.559,3170.079,2291.08,2984.92125
3219.921,3066.248,3094.296,2243.332,2905.94925
3140.238,3024.335,3004.729,2231.645,2850.23675
3047.416,2985.418,2967.9,2155.176,2788.9775
